document_number,title,category,discipline,wbs_code,revision,status,required_date,gate_code,mandatory,folder_path,remarks
,General Original PVSyst Simulation File,Engineering,,,,NOT STARTED,,C,YES,1. Pre-construction,Transcribed from the Schedule 04C project documentation folder table. The sub-folder and document name are held together in the title because the contract table does not separate them unambiguously; verify against the signed schedule before use as a controlled deliverable list.
,General Geotechnical study,Engineering,,,,NOT STARTED,,C,YES,1. Pre-construction,Transcribed from the Schedule 04C project documentation folder table. The sub-folder and document name are held together in the title because the contract table does not separate them unambiguously; verify against the signed schedule before use as a controlled deliverable list.
,General Topographical Survey,Engineering,,,,NOT STARTED,,C,YES,1. Pre-construction,Transcribed from the Schedule 04C project documentation folder table. The sub-folder and document name are held together in the title because the contract table does not separate them unambiguously; verify against the signed schedule before use as a controlled deliverable list.
,General Introduction and General Overview,Engineering,,,,NOT STARTED,,C,YES,2. Site information - post Construction,Transcribed from the Schedule 04C project documentation folder table. The sub-folder and document name are held together in the title because the contract table does not separate them unambiguously; verify against the signed schedule before use as a controlled deliverable list.
,Directions Directions to the site,Engineering,,,,NOT STARTED,,C,YES,2. Site information - post Construction,Transcribed from the Schedule 04C project documentation folder table. The sub-folder and document name are held together in the title because the contract table does not separate them unambiguously; verify against the signed schedule before use as a controlled deliverable list.
,Contact list Equipment Contact list,Engineering,,,,NOT STARTED,,C,YES,2. Site information - post Construction,Transcribed from the Schedule 04C project documentation folder table. The sub-folder and document name are held together in the title because the contract table does not separate them unambiguously; verify against the signed schedule before use as a controlled deliverable list.
,Permits Contractor Permits,Engineering,,,,NOT STARTED,,C,YES,2. Site information - post Construction,Transcribed from the Schedule 04C project documentation folder table. The sub-folder and document name are held together in the title because the contract table does not separate them unambiguously; verify against the signed schedule before use as a controlled deliverable list.
,Water and Waste Water and waste Transfer Notes,Engineering,,,,NOT STARTED,,C,YES,2. Site information - post Construction,Transcribed from the Schedule 04C project documentation folder table. The sub-folder and document name are held together in the title because the contract table does not separate them unambiguously; verify against the signed schedule before use as a controlled deliverable list.
,Modelling Final PVSyst Report,Engineering,,,,NOT STARTED,,C,YES,2. Site information - post Construction,Transcribed from the Schedule 04C project documentation folder table. The sub-folder and document name are held together in the title because the contract table does not separate them unambiguously; verify against the signed schedule before use as a controlled deliverable list.
,Modelling Final PVSyst File,Engineering,,,,NOT STARTED,,C,YES,2. Site information - post Construction,Transcribed from the Schedule 04C project documentation folder table. The sub-folder and document name are held together in the title because the contract table does not separate them unambiguously; verify against the signed schedule before use as a controlled deliverable list.
,Modelling Final P50 /P90,Engineering,,,,NOT STARTED,,C,YES,2. Site information - post Construction,Transcribed from the Schedule 04C project documentation folder table. The sub-folder and document name are held together in the title because the contract table does not separate them unambiguously; verify against the signed schedule before use as a controlled deliverable list.
,General General Layout,As-Built,,,,NOT STARTED,,C,YES,3. As Built,Transcribed from the Schedule 04C project documentation folder table. The sub-folder and document name are held together in the title because the contract table does not separate them unambiguously; verify against the signed schedule before use as a controlled deliverable list.
,General Additional General Drawings,As-Built,,,,NOT STARTED,,C,YES,3. As Built,Transcribed from the Schedule 04C project documentation folder table. The sub-folder and document name are held together in the title because the contract table does not separate them unambiguously; verify against the signed schedule before use as a controlled deliverable list.
,Civil and architectural Cable Trenches Trenches Layout,As-Built,,,,NOT STARTED,,C,YES,3. As Built,Transcribed from the Schedule 04C project documentation folder table. The sub-folder and document name are held together in the title because the contract table does not separate them unambiguously; verify against the signed schedule before use as a controlled deliverable list.
,Civil and architectural Cable Trenches Trenches Section,As-Built,,,,NOT STARTED,,C,YES,3. As Built,Transcribed from the Schedule 04C project documentation folder table. The sub-folder and document name are held together in the title because the contract table does not separate them unambiguously; verify against the signed schedule before use as a controlled deliverable list.
,Civil and architectural Compound Area Compound Area Layout,As-Built,,,,NOT STARTED,,C,YES,3. As Built,Transcribed from the Schedule 04C project documentation folder table. The sub-folder and document name are held together in the title because the contract table does not separate them unambiguously; verify against the signed schedule before use as a controlled deliverable list.
,Civil and architectural Customer Substation Customer Cabin Foundation,As-Built,,,,NOT STARTED,,C,YES,3. As Built,Transcribed from the Schedule 04C project documentation folder table. The sub-folder and document name are held together in the title because the contract table does not separate them unambiguously; verify against the signed schedule before use as a controlled deliverable list.
,Civil and architectural Customer Substation Customer Cabin Layout,As-Built,,,,NOT STARTED,,C,YES,3. As Built,Transcribed from the Schedule 04C project documentation folder table. The sub-folder and document name are held together in the title because the contract table does not separate them unambiguously; verify against the signed schedule before use as a controlled deliverable list.
,Civil and architectural DNO Substation DNO Fibre Connection Layout and Section,As-Built,,,,NOT STARTED,,C,YES,3. As Built,Transcribed from the Schedule 04C project documentation folder table. The sub-folder and document name are held together in the title because the contract table does not separate them unambiguously; verify against the signed schedule before use as a controlled deliverable list.
,Civil and architectural DNO Substation DNO Substation Foundation,As-Built,,,,NOT STARTED,,C,YES,3. As Built,Transcribed from the Schedule 04C project documentation folder table. The sub-folder and document name are held together in the title because the contract table does not separate them unambiguously; verify against the signed schedule before use as a controlled deliverable list.
,Civil and architectural DNO Substation DNO Substation Layout,As-Built,,,,NOT STARTED,,C,YES,3. As Built,Transcribed from the Schedule 04C project documentation folder table. The sub-folder and document name are held together in the title because the contract table does not separate them unambiguously; verify against the signed schedule before use as a controlled deliverable list.
,Civil and architectural Main Transformer Main Transformer Compound Foundation,As-Built,,,,NOT STARTED,,C,YES,3. As Built,Transcribed from the Schedule 04C project documentation folder table. The sub-folder and document name are held together in the title because the contract table does not separate them unambiguously; verify against the signed schedule before use as a controlled deliverable list.
,Civil and architectural Main Transformer Main Transformer Layout,As-Built,,,,NOT STARTED,,C,YES,3. As Built,Transcribed from the Schedule 04C project documentation folder table. The sub-folder and document name are held together in the title because the contract table does not separate them unambiguously; verify against the signed schedule before use as a controlled deliverable list.
,Civil and architectural Main Transformer Auxiliary Transformer Layout,As-Built,,,,NOT STARTED,,C,YES,3. As Built,Transcribed from the Schedule 04C project documentation folder table. The sub-folder and document name are held together in the title because the contract table does not separate them unambiguously; verify against the signed schedule before use as a controlled deliverable list.
,Civil and architectural Main Transformer Substation Fence and Gates,As-Built,,,,NOT STARTED,,C,YES,3. As Built,Transcribed from the Schedule 04C project documentation folder table. The sub-folder and document name are held together in the title because the contract table does not separate them unambiguously; verify against the signed schedule before use as a controlled deliverable list.
,Civil and architectural Drainage System Drainage System layout,As-Built,,,,NOT STARTED,,C,YES,3. As Built,Transcribed from the Schedule 04C project documentation folder table. The sub-folder and document name are held together in the title because the contract table does not separate them unambiguously; verify against the signed schedule before use as a controlled deliverable list.
,Civil and architectural O&M Container O&M Container (Locale Tecnico) Layout,As-Built,,,,NOT STARTED,,C,YES,3. As Built,Transcribed from the Schedule 04C project documentation folder table. The sub-folder and document name are held together in the title because the contract table does not separate them unambiguously; verify against the signed schedule before use as a controlled deliverable list.
,Civil and architectural O&M Container O&M Container (Locale Tecnico) Foundations,As-Built,,,,NOT STARTED,,C,YES,3. As Built,Transcribed from the Schedule 04C project documentation folder table. The sub-folder and document name are held together in the title because the contract table does not separate them unambiguously; verify against the signed schedule before use as a controlled deliverable list.
,Civil and architectural Road Access Route,As-Built,,,,NOT STARTED,,C,YES,3. As Built,Transcribed from the Schedule 04C project documentation folder table. The sub-folder and document name are held together in the title because the contract table does not separate them unambiguously; verify against the signed schedule before use as a controlled deliverable list.
,Civil and architectural Road Internal Road Layout,As-Built,,,,NOT STARTED,,C,YES,3. As Built,Transcribed from the Schedule 04C project documentation folder table. The sub-folder and document name are held together in the title because the contract table does not separate them unambiguously; verify against the signed schedule before use as a controlled deliverable list.
,Civil and architectural Road Internal Road Typical Cross Section,As-Built,,,,NOT STARTED,,C,YES,3. As Built,Transcribed from the Schedule 04C project documentation folder table. The sub-folder and document name are held together in the title because the contract table does not separate them unambiguously; verify against the signed schedule before use as a controlled deliverable list.
,Civil and architectural CCTV pole CCTV pole details,As-Built,,,,NOT STARTED,,C,YES,3. As Built,Transcribed from the Schedule 04C project documentation folder table. The sub-folder and document name are held together in the title because the contract table does not separate them unambiguously; verify against the signed schedule before use as a controlled deliverable list.
,Civil and architectural Modules and Structure Module layout detailed,As-Built,,,,NOT STARTED,,C,YES,3. As Built,Transcribed from the Schedule 04C project documentation folder table. The sub-folder and document name are held together in the title because the contract table does not separate them unambiguously; verify against the signed schedule before use as a controlled deliverable list.
,Civil and architectural Fence and Gates Solar Park Fence and Gates,As-Built,,,,NOT STARTED,,C,YES,3. As Built,Transcribed from the Schedule 04C project documentation folder table. The sub-folder and document name are held together in the title because the contract table does not separate them unambiguously; verify against the signed schedule before use as a controlled deliverable list.
,Civil and architectural Additional Civil Drawings Additional Civil Drawings,As-Built,,,,NOT STARTED,,C,YES,3. As Built,Transcribed from the Schedule 04C project documentation folder table. The sub-folder and document name are held together in the title because the contract table does not separate them unambiguously; verify against the signed schedule before use as a controlled deliverable list.
,Electrical General Wiring Block Diagram,As-Built,,,,NOT STARTED,,C,YES,3. As Built,Transcribed from the Schedule 04C project documentation folder table. The sub-folder and document name are held together in the title because the contract table does not separate them unambiguously; verify against the signed schedule before use as a controlled deliverable list.
,Electrical Earthing Routing and Layout,As-Built,,,,NOT STARTED,,C,YES,3. As Built,Transcribed from the Schedule 04C project documentation folder table. The sub-folder and document name are held together in the title because the contract table does not separate them unambiguously; verify against the signed schedule before use as a controlled deliverable list.
,Electrical Customer Cabin Wiring Diagram,As-Built,,,,NOT STARTED,,C,YES,3. As Built,Transcribed from the Schedule 04C project documentation folder table. The sub-folder and document name are held together in the title because the contract table does not separate them unambiguously; verify against the signed schedule before use as a controlled deliverable list.
,Electrical DNO Substation Wiring Diagram,As-Built,,,,NOT STARTED,,C,YES,3. As Built,Transcribed from the Schedule 04C project documentation folder table. The sub-folder and document name are held together in the title because the contract table does not separate them unambiguously; verify against the signed schedule before use as a controlled deliverable list.
,Electrical LV Distribution and Control Panel,As-Built,,,,NOT STARTED,,C,YES,3. As Built,Transcribed from the Schedule 04C project documentation folder table. The sub-folder and document name are held together in the title because the contract table does not separate them unambiguously; verify against the signed schedule before use as a controlled deliverable list.
,Electrical Electrical Single Line Diagrams,As-Built,,,,NOT STARTED,,C,YES,3. As Built,Transcribed from the Schedule 04C project documentation folder table. The sub-folder and document name are held together in the title because the contract table does not separate them unambiguously; verify against the signed schedule before use as a controlled deliverable list.
,Electrical String connection/arrangement,As-Built,,,,NOT STARTED,,C,YES,3. As Built,Transcribed from the Schedule 04C project documentation folder table. The sub-folder and document name are held together in the title because the contract table does not separate them unambiguously; verify against the signed schedule before use as a controlled deliverable list.
,Electrical String Layout,As-Built,,,,NOT STARTED,,C,YES,3. As Built,Transcribed from the Schedule 04C project documentation folder table. The sub-folder and document name are held together in the title because the contract table does not separate them unambiguously; verify against the signed schedule before use as a controlled deliverable list.
,Electrical Combiner Box Mounting Detail,As-Built,,,,NOT STARTED,,C,YES,3. As Built,Transcribed from the Schedule 04C project documentation folder table. The sub-folder and document name are held together in the title because the contract table does not separate them unambiguously; verify against the signed schedule before use as a controlled deliverable list.
,Electrical Additional Electrical Drawings,As-Built,,,,NOT STARTED,,C,YES,3. As Built,Transcribed from the Schedule 04C project documentation folder table. The sub-folder and document name are held together in the title because the contract table does not separate them unambiguously; verify against the signed schedule before use as a controlled deliverable list.
,Security and monitoring system Control System Layout,As-Built,,,,NOT STARTED,,C,YES,3. As Built,Transcribed from the Schedule 04C project documentation folder table. The sub-folder and document name are held together in the title because the contract table does not separate them unambiguously; verify against the signed schedule before use as a controlled deliverable list.
,Security and monitoring system Security System Layout,As-Built,,,,NOT STARTED,,C,YES,3. As Built,Transcribed from the Schedule 04C project documentation folder table. The sub-folder and document name are held together in the title because the contract table does not separate them unambiguously; verify against the signed schedule before use as a controlled deliverable list.
,Security and monitoring system Control System Block Diagram,As-Built,,,,NOT STARTED,,C,YES,3. As Built,Transcribed from the Schedule 04C project documentation folder table. The sub-folder and document name are held together in the title because the contract table does not separate them unambiguously; verify against the signed schedule before use as a controlled deliverable list.
,Security and monitoring system Security System Block Diagram,As-Built,,,,NOT STARTED,,C,YES,3. As Built,Transcribed from the Schedule 04C project documentation folder table. The sub-folder and document name are held together in the title because the contract table does not separate them unambiguously; verify against the signed schedule before use as a controlled deliverable list.
,Security and monitoring system Security System Cable Routing,As-Built,,,,NOT STARTED,,C,YES,3. As Built,Transcribed from the Schedule 04C project documentation folder table. The sub-folder and document name are held together in the title because the contract table does not separate them unambiguously; verify against the signed schedule before use as a controlled deliverable list.
,Security and monitoring system Additional Security and Monitoring Drawings,As-Built,,,,NOT STARTED,,C,YES,3. As Built,Transcribed from the Schedule 04C project documentation folder table. The sub-folder and document name are held together in the title because the contract table does not separate them unambiguously; verify against the signed schedule before use as a controlled deliverable list.
,Works Completion Works Completion Certificate,Acceptance,,,,NOT STARTED,,C,YES,5. EPC Contractual,Transcribed from the Schedule 04C project documentation folder table. The sub-folder and document name are held together in the title because the contract table does not separate them unambiguously; verify against the signed schedule before use as a controlled deliverable list.
,Tests and Commissioning PV Array testing report,Acceptance,,,,NOT STARTED,,C,YES,5. EPC Contractual,Transcribed from the Schedule 04C project documentation folder table. The sub-folder and document name are held together in the title because the contract table does not separate them unambiguously; verify against the signed schedule before use as a controlled deliverable list.
,Tests and Commissioning DC system wiring Commissioning certificates,Acceptance,,,,NOT STARTED,,C,YES,5. EPC Contractual,Transcribed from the Schedule 04C project documentation folder table. The sub-folder and document name are held together in the title because the contract table does not separate them unambiguously; verify against the signed schedule before use as a controlled deliverable list.
,Tests and Commissioning Combiner box Commissioning certificates,Acceptance,,,,NOT STARTED,,C,YES,5. EPC Contractual,Transcribed from the Schedule 04C project documentation folder table. The sub-folder and document name are held together in the title because the contract table does not separate them unambiguously; verify against the signed schedule before use as a controlled deliverable list.
,Tests and Commissioning MVPS Commissioning certificates,Acceptance,,,,NOT STARTED,,C,YES,5. EPC Contractual,Transcribed from the Schedule 04C project documentation folder table. The sub-folder and document name are held together in the title because the contract table does not separate them unambiguously; verify against the signed schedule before use as a controlled deliverable list.
,Tests and Commissioning Transformer Commissioning certificates,Acceptance,,,,NOT STARTED,,C,YES,5. EPC Contractual,Transcribed from the Schedule 04C project documentation folder table. The sub-folder and document name are held together in the title because the contract table does not separate them unambiguously; verify against the signed schedule before use as a controlled deliverable list.
,Tests and Commissioning MV/HV Cable Test Report,Acceptance,,,,NOT STARTED,,C,YES,5. EPC Contractual,Transcribed from the Schedule 04C project documentation folder table. The sub-folder and document name are held together in the title because the contract table does not separate them unambiguously; verify against the signed schedule before use as a controlled deliverable list.
,Tests and Commissioning Earthing system test results,Acceptance,,,,NOT STARTED,,C,YES,5. EPC Contractual,Transcribed from the Schedule 04C project documentation folder table. The sub-folder and document name are held together in the title because the contract table does not separate them unambiguously; verify against the signed schedule before use as a controlled deliverable list.
,Tests and Commissioning Concrete Foundation Cube Test Report,Acceptance,,,,NOT STARTED,,C,YES,5. EPC Contractual,Transcribed from the Schedule 04C project documentation folder table. The sub-folder and document name are held together in the title because the contract table does not separate them unambiguously; verify against the signed schedule before use as a controlled deliverable list.
,Tests and Commissioning Protection Relay Commissioning Certificate,Acceptance,,,,NOT STARTED,,C,YES,5. EPC Contractual,Transcribed from the Schedule 04C project documentation folder table. The sub-folder and document name are held together in the title because the contract table does not separate them unambiguously; verify against the signed schedule before use as a controlled deliverable list.
,Tests and Commissioning UPS Commissioning Certificate,Acceptance,,,,NOT STARTED,,C,YES,5. EPC Contractual,Transcribed from the Schedule 04C project documentation folder table. The sub-folder and document name are held together in the title because the contract table does not separate them unambiguously; verify against the signed schedule before use as a controlled deliverable list.
,Tests and Commissioning Battery and Battery Charger Test Reports,Acceptance,,,,NOT STARTED,,C,YES,5. EPC Contractual,Transcribed from the Schedule 04C project documentation folder table. The sub-folder and document name are held together in the title because the contract table does not separate them unambiguously; verify against the signed schedule before use as a controlled deliverable list.
,Tests and Commissioning Metering Commissioning Certificate,Acceptance,,,,NOT STARTED,,C,YES,5. EPC Contractual,Transcribed from the Schedule 04C project documentation folder table. The sub-folder and document name are held together in the title because the contract table does not separate them unambiguously; verify against the signed schedule before use as a controlled deliverable list.
,Tests and Commissioning Circuit Breaker Commissioning Certificate,Acceptance,,,,NOT STARTED,,C,YES,5. EPC Contractual,Transcribed from the Schedule 04C project documentation folder table. The sub-folder and document name are held together in the title because the contract table does not separate them unambiguously; verify against the signed schedule before use as a controlled deliverable list.
,Tests and Commissioning CCTV commissioning report,Acceptance,,,,NOT STARTED,,C,YES,5. EPC Contractual,Transcribed from the Schedule 04C project documentation folder table. The sub-folder and document name are held together in the title because the contract table does not separate them unambiguously; verify against the signed schedule before use as a controlled deliverable list.
,Tests and Commissioning CCTV Walking test,Acceptance,,,,NOT STARTED,,C,YES,5. EPC Contractual,Transcribed from the Schedule 04C project documentation folder table. The sub-folder and document name are held together in the title because the contract table does not separate them unambiguously; verify against the signed schedule before use as a controlled deliverable list.
,Tests and Commissioning CCTV Analyser License,Acceptance,,,,NOT STARTED,,C,YES,5. EPC Contractual,Transcribed from the Schedule 04C project documentation folder table. The sub-folder and document name are held together in the title because the contract table does not separate them unambiguously; verify against the signed schedule before use as a controlled deliverable list.
,Tests and Commissioning Additional Documentation,Acceptance,,,,NOT STARTED,,C,YES,5. EPC Contractual,Transcribed from the Schedule 04C project documentation folder table. The sub-folder and document name are held together in the title because the contract table does not separate them unambiguously; verify against the signed schedule before use as a controlled deliverable list.
,Provisional Acceptance Certificate (PAC) PAC Certificate,Acceptance,,,,NOT STARTED,,C,YES,5. EPC Contractual,Transcribed from the Schedule 04C project documentation folder table. The sub-folder and document name are held together in the title because the contract table does not separate them unambiguously; verify against the signed schedule before use as a controlled deliverable list.
,Provisional Acceptance Certificate (PAC) PAC Report,Acceptance,,,,NOT STARTED,,C,YES,5. EPC Contractual,Transcribed from the Schedule 04C project documentation folder table. The sub-folder and document name are held together in the title because the contract table does not separate them unambiguously; verify against the signed schedule before use as a controlled deliverable list.
,Provisional Acceptance Certificate (PAC) PAC Calculations,Acceptance,,,,NOT STARTED,,C,YES,5. EPC Contractual,Transcribed from the Schedule 04C project documentation folder table. The sub-folder and document name are held together in the title because the contract table does not separate them unambiguously; verify against the signed schedule before use as a controlled deliverable list.
,EPC Warranty bond EPC Warranty bond,Acceptance,,,,NOT STARTED,,C,YES,5. EPC Contractual,Transcribed from the Schedule 04C project documentation folder table. The sub-folder and document name are held together in the title because the contract table does not separate them unambiguously; verify against the signed schedule before use as a controlled deliverable list.
,General Operating procedures,O&M,,,,NOT STARTED,,C,YES,6. O&M,Transcribed from the Schedule 04C project documentation folder table. The sub-folder and document name are held together in the title because the contract table does not separate them unambiguously; verify against the signed schedule before use as a controlled deliverable list.
,General Emergencies,O&M,,,,NOT STARTED,,C,YES,6. O&M,Transcribed from the Schedule 04C project documentation folder table. The sub-folder and document name are held together in the title because the contract table does not separate them unambiguously; verify against the signed schedule before use as a controlled deliverable list.
,General Planned Maintenance,O&M,,,,NOT STARTED,,C,YES,6. O&M,Transcribed from the Schedule 04C project documentation folder table. The sub-folder and document name are held together in the title because the contract table does not separate them unambiguously; verify against the signed schedule before use as a controlled deliverable list.
,General Equipment List (BOM),O&M,,,,NOT STARTED,,C,YES,6. O&M,Transcribed from the Schedule 04C project documentation folder table. The sub-folder and document name are held together in the title because the contract table does not separate them unambiguously; verify against the signed schedule before use as a controlled deliverable list.
,General Detailed list of spares,O&M,,,,NOT STARTED,,C,YES,6. O&M,Transcribed from the Schedule 04C project documentation folder table. The sub-folder and document name are held together in the title because the contract table does not separate them unambiguously; verify against the signed schedule before use as a controlled deliverable list.
,Notices Pay less notices,O&M,,,,NOT STARTED,,C,YES,6. O&M,Transcribed from the Schedule 04C project documentation folder table. The sub-folder and document name are held together in the title because the contract table does not separate them unambiguously; verify against the signed schedule before use as a controlled deliverable list.
,Notices LD notices,O&M,,,,NOT STARTED,,C,YES,6. O&M,Transcribed from the Schedule 04C project documentation folder table. The sub-folder and document name are held together in the title because the contract table does not separate them unambiguously; verify against the signed schedule before use as a controlled deliverable list.
,Notices Defect Notices,O&M,,,,NOT STARTED,,C,YES,6. O&M,Transcribed from the Schedule 04C project documentation folder table. The sub-folder and document name are held together in the title because the contract table does not separate them unambiguously; verify against the signed schedule before use as a controlled deliverable list.
,Cables Control Datasheets,Engineering,,,,NOT STARTED,,C,YES,7. Electrical,Transcribed from the Schedule 04C project documentation folder table. The sub-folder and document name are held together in the title because the contract table does not separate them unambiguously; verify against the signed schedule before use as a controlled deliverable list.
,Cables Control Certificates,Engineering,,,,NOT STARTED,,C,YES,7. Electrical,Transcribed from the Schedule 04C project documentation folder table. The sub-folder and document name are held together in the title because the contract table does not separate them unambiguously; verify against the signed schedule before use as a controlled deliverable list.
,Cables DC String Cables - Datasheets,Engineering,,,,NOT STARTED,,C,YES,7. Electrical,Transcribed from the Schedule 04C project documentation folder table. The sub-folder and document name are held together in the title because the contract table does not separate them unambiguously; verify against the signed schedule before use as a controlled deliverable list.
,Cables DC String Cables - Certificates,Engineering,,,,NOT STARTED,,C,YES,7. Electrical,Transcribed from the Schedule 04C project documentation folder table. The sub-folder and document name are held together in the title because the contract table does not separate them unambiguously; verify against the signed schedule before use as a controlled deliverable list.
,Cables DC MC4 connectors - Datasheets,Engineering,,,,NOT STARTED,,C,YES,7. Electrical,Transcribed from the Schedule 04C project documentation folder table. The sub-folder and document name are held together in the title because the contract table does not separate them unambiguously; verify against the signed schedule before use as a controlled deliverable list.
,Cables DC MC4 connectors - Certificates,Engineering,,,,NOT STARTED,,C,YES,7. Electrical,Transcribed from the Schedule 04C project documentation folder table. The sub-folder and document name are held together in the title because the contract table does not separate them unambiguously; verify against the signed schedule before use as a controlled deliverable list.
,Cables DC Main DC transfer cables - Datasheets,Engineering,,,,NOT STARTED,,C,YES,7. Electrical,Transcribed from the Schedule 04C project documentation folder table. The sub-folder and document name are held together in the title because the contract table does not separate them unambiguously; verify against the signed schedule before use as a controlled deliverable list.
,Cables DC Main DC transfer cables - Certificates,Engineering,,,,NOT STARTED,,C,YES,7. Electrical,Transcribed from the Schedule 04C project documentation folder table. The sub-folder and document name are held together in the title because the contract table does not separate them unambiguously; verify against the signed schedule before use as a controlled deliverable list.
,Cables DC Main DC transfer cables - Joints Location,Engineering,,,,NOT STARTED,,C,YES,7. Electrical,Transcribed from the Schedule 04C project documentation folder table. The sub-folder and document name are held together in the title because the contract table does not separate them unambiguously; verify against the signed schedule before use as a controlled deliverable list.
,Cables LV Datasheets,Engineering,,,,NOT STARTED,,C,YES,7. Electrical,Transcribed from the Schedule 04C project documentation folder table. The sub-folder and document name are held together in the title because the contract table does not separate them unambiguously; verify against the signed schedule before use as a controlled deliverable list.
,Cables LV Certificates,Engineering,,,,NOT STARTED,,C,YES,7. Electrical,Transcribed from the Schedule 04C project documentation folder table. The sub-folder and document name are held together in the title because the contract table does not separate them unambiguously; verify against the signed schedule before use as a controlled deliverable list.
,Cables MV Datasheets,Engineering,,,,NOT STARTED,,C,YES,7. Electrical,Transcribed from the Schedule 04C project documentation folder table. The sub-folder and document name are held together in the title because the contract table does not separate them unambiguously; verify against the signed schedule before use as a controlled deliverable list.
,Cables MV Certificates,Engineering,,,,NOT STARTED,,C,YES,7. Electrical,Transcribed from the Schedule 04C project documentation folder table. The sub-folder and document name are held together in the title because the contract table does not separate them unambiguously; verify against the signed schedule before use as a controlled deliverable list.
,Cables Cable Calculations DC,Engineering,,,,NOT STARTED,,C,YES,7. Electrical,Transcribed from the Schedule 04C project documentation folder table. The sub-folder and document name are held together in the title because the contract table does not separate them unambiguously; verify against the signed schedule before use as a controlled deliverable list.
,Cables Cable Calculations AC,Engineering,,,,NOT STARTED,,C,YES,7. Electrical,Transcribed from the Schedule 04C project documentation folder table. The sub-folder and document name are held together in the title because the contract table does not separate them unambiguously; verify against the signed schedule before use as a controlled deliverable list.
,Cables Cables Warranty Directory Warranty,Engineering,,,,NOT STARTED,,C,YES,7. Electrical,Transcribed from the Schedule 04C project documentation folder table. The sub-folder and document name are held together in the title because the contract table does not separate them unambiguously; verify against the signed schedule before use as a controlled deliverable list.
,Cables Cables Warranty Directory Delivery Notes,Engineering,,,,NOT STARTED,,C,YES,7. Electrical,Transcribed from the Schedule 04C project documentation folder table. The sub-folder and document name are held together in the title because the contract table does not separate them unambiguously; verify against the signed schedule before use as a controlled deliverable list.
,Combiner Boxes General Datasheets,Engineering,,,,NOT STARTED,,C,YES,7. Electrical,Transcribed from the Schedule 04C project documentation folder table. The sub-folder and document name are held together in the title because the contract table does not separate them unambiguously; verify against the signed schedule before use as a controlled deliverable list.
,Combiner Boxes General Certificates,Engineering,,,,NOT STARTED,,C,YES,7. Electrical,Transcribed from the Schedule 04C project documentation folder table. The sub-folder and document name are held together in the title because the contract table does not separate them unambiguously; verify against the signed schedule before use as a controlled deliverable list.
,Combiner Boxes Warranty Directory Warranty,Engineering,,,,NOT STARTED,,C,YES,7. Electrical,Transcribed from the Schedule 04C project documentation folder table. The sub-folder and document name are held together in the title because the contract table does not separate them unambiguously; verify against the signed schedule before use as a controlled deliverable list.
,Combiner Boxes Warranty Directory Delivery Notes,Engineering,,,,NOT STARTED,,C,YES,7. Electrical,Transcribed from the Schedule 04C project documentation folder table. The sub-folder and document name are held together in the title because the contract table does not separate them unambiguously; verify against the signed schedule before use as a controlled deliverable list.
,Combiner Boxes General Manuals,Engineering,,,,NOT STARTED,,C,YES,7. Electrical,Transcribed from the Schedule 04C project documentation folder table. The sub-folder and document name are held together in the title because the contract table does not separate them unambiguously; verify against the signed schedule before use as a controlled deliverable list.
,Metering Meter Datasheet,Engineering,,,,NOT STARTED,,C,YES,7. Electrical,Transcribed from the Schedule 04C project documentation folder table. The sub-folder and document name are held together in the title because the contract table does not separate them unambiguously; verify against the signed schedule before use as a controlled deliverable list.
,Metering Meter Calibration Certificates,Engineering,,,,NOT STARTED,,C,YES,7. Electrical,Transcribed from the Schedule 04C project documentation folder table. The sub-folder and document name are held together in the title because the contract table does not separate them unambiguously; verify against the signed schedule before use as a controlled deliverable list.
,Metering CTs Datasheets,Engineering,,,,NOT STARTED,,C,YES,7. Electrical,Transcribed from the Schedule 04C project documentation folder table. The sub-folder and document name are held together in the title because the contract table does not separate them unambiguously; verify against the signed schedule before use as a controlled deliverable list.
,Metering CTs Certificates,Engineering,,,,NOT STARTED,,C,YES,7. Electrical,Transcribed from the Schedule 04C project documentation folder table. The sub-folder and document name are held together in the title because the contract table does not separate them unambiguously; verify against the signed schedule before use as a controlled deliverable list.
,Metering CTs Warranty Directory - Warranty,Engineering,,,,NOT STARTED,,C,YES,7. Electrical,Transcribed from the Schedule 04C project documentation folder table. The sub-folder and document name are held together in the title because the contract table does not separate them unambiguously; verify against the signed schedule before use as a controlled deliverable list.
,Metering CTs Warranty Directory - Delivery Notes,Engineering,,,,NOT STARTED,,C,YES,7. Electrical,Transcribed from the Schedule 04C project documentation folder table. The sub-folder and document name are held together in the title because the contract table does not separate them unambiguously; verify against the signed schedule before use as a controlled deliverable list.
,Metering CTs Manuals,Engineering,,,,NOT STARTED,,C,YES,7. Electrical,Transcribed from the Schedule 04C project documentation folder table. The sub-folder and document name are held together in the title because the contract table does not separate them unambiguously; verify against the signed schedule before use as a controlled deliverable list.
,Metering CTs Schematics,Engineering,,,,NOT STARTED,,C,YES,7. Electrical,Transcribed from the Schedule 04C project documentation folder table. The sub-folder and document name are held together in the title because the contract table does not separate them unambiguously; verify against the signed schedule before use as a controlled deliverable list.
,Metering VTs Datasheets,Engineering,,,,NOT STARTED,,C,YES,7. Electrical,Transcribed from the Schedule 04C project documentation folder table. The sub-folder and document name are held together in the title because the contract table does not separate them unambiguously; verify against the signed schedule before use as a controlled deliverable list.
,Metering VTs Certificates,Engineering,,,,NOT STARTED,,C,YES,7. Electrical,Transcribed from the Schedule 04C project documentation folder table. The sub-folder and document name are held together in the title because the contract table does not separate them unambiguously; verify against the signed schedule before use as a controlled deliverable list.
,Metering VTs Warranty Directory - Warranty,Engineering,,,,NOT STARTED,,C,YES,7. Electrical,Transcribed from the Schedule 04C project documentation folder table. The sub-folder and document name are held together in the title because the contract table does not separate them unambiguously; verify against the signed schedule before use as a controlled deliverable list.
,Metering VTs Warranty Directory - Delivery Notes,Engineering,,,,NOT STARTED,,C,YES,7. Electrical,Transcribed from the Schedule 04C project documentation folder table. The sub-folder and document name are held together in the title because the contract table does not separate them unambiguously; verify against the signed schedule before use as a controlled deliverable list.
,Metering VTs Manuals,Engineering,,,,NOT STARTED,,C,YES,7. Electrical,Transcribed from the Schedule 04C project documentation folder table. The sub-folder and document name are held together in the title because the contract table does not separate them unambiguously; verify against the signed schedule before use as a controlled deliverable list.
,Metering VTs Schematics,Engineering,,,,NOT STARTED,,C,YES,7. Electrical,Transcribed from the Schedule 04C project documentation folder table. The sub-folder and document name are held together in the title because the contract table does not separate them unambiguously; verify against the signed schedule before use as a controlled deliverable list.
,Substation Main Transformer Datasheets,Engineering,,,,NOT STARTED,,C,YES,7. Electrical,Transcribed from the Schedule 04C project documentation folder table. The sub-folder and document name are held together in the title because the contract table does not separate them unambiguously; verify against the signed schedule before use as a controlled deliverable list.
,Substation Main Transformer Certificates,Engineering,,,,NOT STARTED,,C,YES,7. Electrical,Transcribed from the Schedule 04C project documentation folder table. The sub-folder and document name are held together in the title because the contract table does not separate them unambiguously; verify against the signed schedule before use as a controlled deliverable list.
,Substation Main Transformer Warranty Directory - Warranty,Engineering,,,,NOT STARTED,,C,YES,7. Electrical,Transcribed from the Schedule 04C project documentation folder table. The sub-folder and document name are held together in the title because the contract table does not separate them unambiguously; verify against the signed schedule before use as a controlled deliverable list.
,Substation Main Transformer Warranty Directory - Delivery Notes,Engineering,,,,NOT STARTED,,C,YES,7. Electrical,Transcribed from the Schedule 04C project documentation folder table. The sub-folder and document name are held together in the title because the contract table does not separate them unambiguously; verify against the signed schedule before use as a controlled deliverable list.
,Substation Main Transformer Manuals,Engineering,,,,NOT STARTED,,C,YES,7. Electrical,Transcribed from the Schedule 04C project documentation folder table. The sub-folder and document name are held together in the title because the contract table does not separate them unambiguously; verify against the signed schedule before use as a controlled deliverable list.
,Substation Main Transformer Schematics,Engineering,,,,NOT STARTED,,C,YES,7. Electrical,Transcribed from the Schedule 04C project documentation folder table. The sub-folder and document name are held together in the title because the contract table does not separate them unambiguously; verify against the signed schedule before use as a controlled deliverable list.
,Substation Main Transformer Serial Numbers,Engineering,,,,NOT STARTED,,C,YES,7. Electrical,Transcribed from the Schedule 04C project documentation folder table. The sub-folder and document name are held together in the title because the contract table does not separate them unambiguously; verify against the signed schedule before use as a controlled deliverable list.
,Substation Main Transformer Protective Devices (Datasheet and Schematics) - DGPT,Engineering,,,,NOT STARTED,,C,YES,7. Electrical,Transcribed from the Schedule 04C project documentation folder table. The sub-folder and document name are held together in the title because the contract table does not separate them unambiguously; verify against the signed schedule before use as a controlled deliverable list.
,Substation Main Transformer Protective Devices (Datasheet and Schematics) - Temperature Sensors,Engineering,,,,NOT STARTED,,C,YES,7. Electrical,Transcribed from the Schedule 04C project documentation folder table. The sub-folder and document name are held together in the title because the contract table does not separate them unambiguously; verify against the signed schedule before use as a controlled deliverable list.
,Substation Main Transformer Protective Devices (Datasheet and Schematics) - Additional Devices,Engineering,,,,NOT STARTED,,C,YES,7. Electrical,Transcribed from the Schedule 04C project documentation folder table. The sub-folder and document name are held together in the title because the contract table does not separate them unambiguously; verify against the signed schedule before use as a controlled deliverable list.
,Substation Auxiliary Transformer Datasheets,Engineering,,,,NOT STARTED,,C,YES,7. Electrical,Transcribed from the Schedule 04C project documentation folder table. The sub-folder and document name are held together in the title because the contract table does not separate them unambiguously; verify against the signed schedule before use as a controlled deliverable list.
,Substation Auxiliary Transformer Certificates,Engineering,,,,NOT STARTED,,C,YES,7. Electrical,Transcribed from the Schedule 04C project documentation folder table. The sub-folder and document name are held together in the title because the contract table does not separate them unambiguously; verify against the signed schedule before use as a controlled deliverable list.
,Substation Auxiliary Transformer Warranty Directory - Warranty,Engineering,,,,NOT STARTED,,C,YES,7. Electrical,Transcribed from the Schedule 04C project documentation folder table. The sub-folder and document name are held together in the title because the contract table does not separate them unambiguously; verify against the signed schedule before use as a controlled deliverable list.
,Substation Auxiliary Transformer Warranty Directory - Delivery Notes,Engineering,,,,NOT STARTED,,C,YES,7. Electrical,Transcribed from the Schedule 04C project documentation folder table. The sub-folder and document name are held together in the title because the contract table does not separate them unambiguously; verify against the signed schedule before use as a controlled deliverable list.
,Substation Auxiliary Transformer Manuals,Engineering,,,,NOT STARTED,,C,YES,7. Electrical,Transcribed from the Schedule 04C project documentation folder table. The sub-folder and document name are held together in the title because the contract table does not separate them unambiguously; verify against the signed schedule before use as a controlled deliverable list.
,Substation Auxiliary Transformer Schematics,Engineering,,,,NOT STARTED,,C,YES,7. Electrical,Transcribed from the Schedule 04C project documentation folder table. The sub-folder and document name are held together in the title because the contract table does not separate them unambiguously; verify against the signed schedule before use as a controlled deliverable list.
,Substation Auxiliary Transformer Serial Numbers,Engineering,,,,NOT STARTED,,C,YES,7. Electrical,Transcribed from the Schedule 04C project documentation folder table. The sub-folder and document name are held together in the title because the contract table does not separate them unambiguously; verify against the signed schedule before use as a controlled deliverable list.
,Substation Auxiliary Transformer Protective Devices (Datasheet and Schematics) - DGPT,Engineering,,,,NOT STARTED,,C,YES,7. Electrical,Transcribed from the Schedule 04C project documentation folder table. The sub-folder and document name are held together in the title because the contract table does not separate them unambiguously; verify against the signed schedule before use as a controlled deliverable list.
,Substation Auxiliary Transformer Protective Devices (Datasheet and Schematics) - Temperature Sensors,Engineering,,,,NOT STARTED,,C,YES,7. Electrical,Transcribed from the Schedule 04C project documentation folder table. The sub-folder and document name are held together in the title because the contract table does not separate them unambiguously; verify against the signed schedule before use as a controlled deliverable list.
,Substation Auxiliary Transformer Protective Devices (Datasheet and Schematics) - Additional Devices,Engineering,,,,NOT STARTED,,C,YES,7. Electrical,Transcribed from the Schedule 04C project documentation folder table. The sub-folder and document name are held together in the title because the contract table does not separate them unambiguously; verify against the signed schedule before use as a controlled deliverable list.
,Substation Switchgear Datasheets,Engineering,,,,NOT STARTED,,C,YES,7. Electrical,Transcribed from the Schedule 04C project documentation folder table. The sub-folder and document name are held together in the title because the contract table does not separate them unambiguously; verify against the signed schedule before use as a controlled deliverable list.
,Substation Switchgear Certificates,Engineering,,,,NOT STARTED,,C,YES,7. Electrical,Transcribed from the Schedule 04C project documentation folder table. The sub-folder and document name are held together in the title because the contract table does not separate them unambiguously; verify against the signed schedule before use as a controlled deliverable list.
,Substation Switchgear Warranty Directory - Warranty,Engineering,,,,NOT STARTED,,C,YES,7. Electrical,Transcribed from the Schedule 04C project documentation folder table. The sub-folder and document name are held together in the title because the contract table does not separate them unambiguously; verify against the signed schedule before use as a controlled deliverable list.
,Substation Switchgear Warranty Directory - Delivery Notes,Engineering,,,,NOT STARTED,,C,YES,7. Electrical,Transcribed from the Schedule 04C project documentation folder table. The sub-folder and document name are held together in the title because the contract table does not separate them unambiguously; verify against the signed schedule before use as a controlled deliverable list.
,Substation Switchgear Manuals,Engineering,,,,NOT STARTED,,C,YES,7. Electrical,Transcribed from the Schedule 04C project documentation folder table. The sub-folder and document name are held together in the title because the contract table does not separate them unambiguously; verify against the signed schedule before use as a controlled deliverable list.
,Substation Switchgear Schematics,Engineering,,,,NOT STARTED,,C,YES,7. Electrical,Transcribed from the Schedule 04C project documentation folder table. The sub-folder and document name are held together in the title because the contract table does not separate them unambiguously; verify against the signed schedule before use as a controlled deliverable list.
,Substation Switchgear Serial Numbers,Engineering,,,,NOT STARTED,,C,YES,7. Electrical,Transcribed from the Schedule 04C project documentation folder table. The sub-folder and document name are held together in the title because the contract table does not separate them unambiguously; verify against the signed schedule before use as a controlled deliverable list.
,Substation Circuit breaker Datasheets,Engineering,,,,NOT STARTED,,C,YES,7. Electrical,Transcribed from the Schedule 04C project documentation folder table. The sub-folder and document name are held together in the title because the contract table does not separate them unambiguously; verify against the signed schedule before use as a controlled deliverable list.
,Substation Circuit breaker Certificates,Engineering,,,,NOT STARTED,,C,YES,7. Electrical,Transcribed from the Schedule 04C project documentation folder table. The sub-folder and document name are held together in the title because the contract table does not separate them unambiguously; verify against the signed schedule before use as a controlled deliverable list.
,Substation Circuit breaker Warranty Directory - Warranty,Engineering,,,,NOT STARTED,,C,YES,7. Electrical,Transcribed from the Schedule 04C project documentation folder table. The sub-folder and document name are held together in the title because the contract table does not separate them unambiguously; verify against the signed schedule before use as a controlled deliverable list.
,Substation Circuit breaker Warranty Directory - Delivery Notes,Engineering,,,,NOT STARTED,,C,YES,7. Electrical,Transcribed from the Schedule 04C project documentation folder table. The sub-folder and document name are held together in the title because the contract table does not separate them unambiguously; verify against the signed schedule before use as a controlled deliverable list.
,Substation Circuit breaker Manuals,Engineering,,,,NOT STARTED,,C,YES,7. Electrical,Transcribed from the Schedule 04C project documentation folder table. The sub-folder and document name are held together in the title because the contract table does not separate them unambiguously; verify against the signed schedule before use as a controlled deliverable list.
,Substation Circuit breaker Schematics,Engineering,,,,NOT STARTED,,C,YES,7. Electrical,Transcribed from the Schedule 04C project documentation folder table. The sub-folder and document name are held together in the title because the contract table does not separate them unambiguously; verify against the signed schedule before use as a controlled deliverable list.
,Substation LV Battery and Charger Datasheets,Engineering,,,,NOT STARTED,,C,YES,7. Electrical,Transcribed from the Schedule 04C project documentation folder table. The sub-folder and document name are held together in the title because the contract table does not separate them unambiguously; verify against the signed schedule before use as a controlled deliverable list.
,Substation LV Battery and Charger Certificates,Engineering,,,,NOT STARTED,,C,YES,7. Electrical,Transcribed from the Schedule 04C project documentation folder table. The sub-folder and document name are held together in the title because the contract table does not separate them unambiguously; verify against the signed schedule before use as a controlled deliverable list.
,Substation LV Battery and Charger Warranty Directory - Warranty,Engineering,,,,NOT STARTED,,C,YES,7. Electrical,Transcribed from the Schedule 04C project documentation folder table. The sub-folder and document name are held together in the title because the contract table does not separate them unambiguously; verify against the signed schedule before use as a controlled deliverable list.
,Substation LV Battery and Charger Warranty Directory - Delivery Notes,Engineering,,,,NOT STARTED,,C,YES,7. Electrical,Transcribed from the Schedule 04C project documentation folder table. The sub-folder and document name are held together in the title because the contract table does not separate them unambiguously; verify against the signed schedule before use as a controlled deliverable list.
,Substation LV Battery and Charger Manuals,Engineering,,,,NOT STARTED,,C,YES,7. Electrical,Transcribed from the Schedule 04C project documentation folder table. The sub-folder and document name are held together in the title because the contract table does not separate them unambiguously; verify against the signed schedule before use as a controlled deliverable list.
,Substation Disconnectors Datasheets,Engineering,,,,NOT STARTED,,C,YES,7. Electrical,Transcribed from the Schedule 04C project documentation folder table. The sub-folder and document name are held together in the title because the contract table does not separate them unambiguously; verify against the signed schedule before use as a controlled deliverable list.
,Substation Disconnectors Certificates,Engineering,,,,NOT STARTED,,C,YES,7. Electrical,Transcribed from the Schedule 04C project documentation folder table. The sub-folder and document name are held together in the title because the contract table does not separate them unambiguously; verify against the signed schedule before use as a controlled deliverable list.
,Substation Disconnectors Warranty Directory - Warranty,Engineering,,,,NOT STARTED,,C,YES,7. Electrical,Transcribed from the Schedule 04C project documentation folder table. The sub-folder and document name are held together in the title because the contract table does not separate them unambiguously; verify against the signed schedule before use as a controlled deliverable list.
,Substation Disconnectors Warranty Directory - Delivery Notes,Engineering,,,,NOT STARTED,,C,YES,7. Electrical,Transcribed from the Schedule 04C project documentation folder table. The sub-folder and document name are held together in the title because the contract table does not separate them unambiguously; verify against the signed schedule before use as a controlled deliverable list.
,Substation Disconnectors Manuals,Engineering,,,,NOT STARTED,,C,YES,7. Electrical,Transcribed from the Schedule 04C project documentation folder table. The sub-folder and document name are held together in the title because the contract table does not separate them unambiguously; verify against the signed schedule before use as a controlled deliverable list.
,Substation Disconnectors Schematics,Engineering,,,,NOT STARTED,,C,YES,7. Electrical,Transcribed from the Schedule 04C project documentation folder table. The sub-folder and document name are held together in the title because the contract table does not separate them unambiguously; verify against the signed schedule before use as a controlled deliverable list.
,Substation Overcurrent Relays Datasheets,Engineering,,,,NOT STARTED,,C,YES,7. Electrical,Transcribed from the Schedule 04C project documentation folder table. The sub-folder and document name are held together in the title because the contract table does not separate them unambiguously; verify against the signed schedule before use as a controlled deliverable list.
,Substation Overcurrent Relays Certificates,Engineering,,,,NOT STARTED,,C,YES,7. Electrical,Transcribed from the Schedule 04C project documentation folder table. The sub-folder and document name are held together in the title because the contract table does not separate them unambiguously; verify against the signed schedule before use as a controlled deliverable list.
,Substation Overcurrent Relays Warranty Directory - Warranty,Engineering,,,,NOT STARTED,,C,YES,7. Electrical,Transcribed from the Schedule 04C project documentation folder table. The sub-folder and document name are held together in the title because the contract table does not separate them unambiguously; verify against the signed schedule before use as a controlled deliverable list.
,Substation Overcurrent Relays Warranty Directory - Delivery Notes,Engineering,,,,NOT STARTED,,C,YES,7. Electrical,Transcribed from the Schedule 04C project documentation folder table. The sub-folder and document name are held together in the title because the contract table does not separate them unambiguously; verify against the signed schedule before use as a controlled deliverable list.
,Substation Overcurrent Relays Manuals,Engineering,,,,NOT STARTED,,C,YES,7. Electrical,Transcribed from the Schedule 04C project documentation folder table. The sub-folder and document name are held together in the title because the contract table does not separate them unambiguously; verify against the signed schedule before use as a controlled deliverable list.
,Substation Overcurrent Relays Schematics,Engineering,,,,NOT STARTED,,C,YES,7. Electrical,Transcribed from the Schedule 04C project documentation folder table. The sub-folder and document name are held together in the title because the contract table does not separate them unambiguously; verify against the signed schedule before use as a controlled deliverable list.
,Substation SPI Relay Datasheet,Engineering,,,,NOT STARTED,,C,YES,7. Electrical,Transcribed from the Schedule 04C project documentation folder table. The sub-folder and document name are held together in the title because the contract table does not separate them unambiguously; verify against the signed schedule before use as a controlled deliverable list.
,Substation SPI Relay Certificates,Engineering,,,,NOT STARTED,,C,YES,7. Electrical,Transcribed from the Schedule 04C project documentation folder table. The sub-folder and document name are held together in the title because the contract table does not separate them unambiguously; verify against the signed schedule before use as a controlled deliverable list.
,Substation SPI Relay Manuals,Engineering,,,,NOT STARTED,,C,YES,7. Electrical,Transcribed from the Schedule 04C project documentation folder table. The sub-folder and document name are held together in the title because the contract table does not separate them unambiguously; verify against the signed schedule before use as a controlled deliverable list.
,Substation SPI Relay Schematics,Engineering,,,,NOT STARTED,,C,YES,7. Electrical,Transcribed from the Schedule 04C project documentation folder table. The sub-folder and document name are held together in the title because the contract table does not separate them unambiguously; verify against the signed schedule before use as a controlled deliverable list.
,Substation Power plant Controller Datasheet,Engineering,,,,NOT STARTED,,C,YES,7. Electrical,Transcribed from the Schedule 04C project documentation folder table. The sub-folder and document name are held together in the title because the contract table does not separate them unambiguously; verify against the signed schedule before use as a controlled deliverable list.
,Substation Power plant Controller Certificates,Engineering,,,,NOT STARTED,,C,YES,7. Electrical,Transcribed from the Schedule 04C project documentation folder table. The sub-folder and document name are held together in the title because the contract table does not separate them unambiguously; verify against the signed schedule before use as a controlled deliverable list.
,Substation Power plant Controller Warranty Directory - Warranty,Engineering,,,,NOT STARTED,,C,YES,7. Electrical,Transcribed from the Schedule 04C project documentation folder table. The sub-folder and document name are held together in the title because the contract table does not separate them unambiguously; verify against the signed schedule before use as a controlled deliverable list.
,Substation Power plant Controller Warranty Directory - Warranty assignment,Engineering,,,,NOT STARTED,,C,YES,7. Electrical,Transcribed from the Schedule 04C project documentation folder table. The sub-folder and document name are held together in the title because the contract table does not separate them unambiguously; verify against the signed schedule before use as a controlled deliverable list.
,Substation Power plant Controller Warranty Directory - Delivery Notes,Engineering,,,,NOT STARTED,,C,YES,7. Electrical,Transcribed from the Schedule 04C project documentation folder table. The sub-folder and document name are held together in the title because the contract table does not separate them unambiguously; verify against the signed schedule before use as a controlled deliverable list.
,Substation Power plant Controller Warranty Directory - Proof of purchase,Engineering,,,,NOT STARTED,,C,YES,7. Electrical,Transcribed from the Schedule 04C project documentation folder table. The sub-folder and document name are held together in the title because the contract table does not separate them unambiguously; verify against the signed schedule before use as a controlled deliverable list.
,Substation Power plant Controller Warranty Directory - Warranty Claims,Engineering,,,,NOT STARTED,,C,YES,7. Electrical,Transcribed from the Schedule 04C project documentation folder table. The sub-folder and document name are held together in the title because the contract table does not separate them unambiguously; verify against the signed schedule before use as a controlled deliverable list.
,Substation Power plant Controller Warranty Directory - Replacements,Engineering,,,,NOT STARTED,,C,YES,7. Electrical,Transcribed from the Schedule 04C project documentation folder table. The sub-folder and document name are held together in the title because the contract table does not separate them unambiguously; verify against the signed schedule before use as a controlled deliverable list.
,Substation Power plant Controller Manuals,Engineering,,,,NOT STARTED,,C,YES,7. Electrical,Transcribed from the Schedule 04C project documentation folder table. The sub-folder and document name are held together in the title because the contract table does not separate them unambiguously; verify against the signed schedule before use as a controlled deliverable list.
,Substation Power plant Controller Schematics,Engineering,,,,NOT STARTED,,C,YES,7. Electrical,Transcribed from the Schedule 04C project documentation folder table. The sub-folder and document name are held together in the title because the contract table does not separate them unambiguously; verify against the signed schedule before use as a controlled deliverable list.
,Substation Basement Sealants Datasheets,Engineering,,,,NOT STARTED,,C,YES,7. Electrical,Transcribed from the Schedule 04C project documentation folder table. The sub-folder and document name are held together in the title because the contract table does not separate them unambiguously; verify against the signed schedule before use as a controlled deliverable list.
,Additional Schematics Protection Settings,Engineering,,,,NOT STARTED,,C,YES,7. Electrical,Transcribed from the Schedule 04C project documentation folder table. The sub-folder and document name are held together in the title because the contract table does not separate them unambiguously; verify against the signed schedule before use as a controlled deliverable list.
,Additional Schematics Enclosures,Engineering,,,,NOT STARTED,,C,YES,7. Electrical,Transcribed from the Schedule 04C project documentation folder table. The sub-folder and document name are held together in the title because the contract table does not separate them unambiguously; verify against the signed schedule before use as a controlled deliverable list.
,Additional Schematics Switchboard,Engineering,,,,NOT STARTED,,C,YES,7. Electrical,Transcribed from the Schedule 04C project documentation folder table. The sub-folder and document name are held together in the title because the contract table does not separate them unambiguously; verify against the signed schedule before use as a controlled deliverable list.
,Additional Schematics Protection Relays,Engineering,,,,NOT STARTED,,C,YES,7. Electrical,Transcribed from the Schedule 04C project documentation folder table. The sub-folder and document name are held together in the title because the contract table does not separate them unambiguously; verify against the signed schedule before use as a controlled deliverable list.
,Additional Schematics Auto reclose Diagrams,Engineering,,,,NOT STARTED,,C,YES,7. Electrical,Transcribed from the Schedule 04C project documentation folder table. The sub-folder and document name are held together in the title because the contract table does not separate them unambiguously; verify against the signed schedule before use as a controlled deliverable list.
,Additional DC components Datasheets,Engineering,,,,NOT STARTED,,C,YES,7. Electrical,Transcribed from the Schedule 04C project documentation folder table. The sub-folder and document name are held together in the title because the contract table does not separate them unambiguously; verify against the signed schedule before use as a controlled deliverable list.
,Additional DC components Certificates,Engineering,,,,NOT STARTED,,C,YES,7. Electrical,Transcribed from the Schedule 04C project documentation folder table. The sub-folder and document name are held together in the title because the contract table does not separate them unambiguously; verify against the signed schedule before use as a controlled deliverable list.
,Additional DC components Warranty and Warranty Assignment,Engineering,,,,NOT STARTED,,C,YES,7. Electrical,Transcribed from the Schedule 04C project documentation folder table. The sub-folder and document name are held together in the title because the contract table does not separate them unambiguously; verify against the signed schedule before use as a controlled deliverable list.
,Additional DC components Manuals,Engineering,,,,NOT STARTED,,C,YES,7. Electrical,Transcribed from the Schedule 04C project documentation folder table. The sub-folder and document name are held together in the title because the contract table does not separate them unambiguously; verify against the signed schedule before use as a controlled deliverable list.
,Additional AC Components Datasheets,Engineering,,,,NOT STARTED,,C,YES,7. Electrical,Transcribed from the Schedule 04C project documentation folder table. The sub-folder and document name are held together in the title because the contract table does not separate them unambiguously; verify against the signed schedule before use as a controlled deliverable list.
,Additional AC Components Certificates,Engineering,,,,NOT STARTED,,C,YES,7. Electrical,Transcribed from the Schedule 04C project documentation folder table. The sub-folder and document name are held together in the title because the contract table does not separate them unambiguously; verify against the signed schedule before use as a controlled deliverable list.
,Additional AC Components Warranty and Warranty Assignment,Engineering,,,,NOT STARTED,,C,YES,7. Electrical,Transcribed from the Schedule 04C project documentation folder table. The sub-folder and document name are held together in the title because the contract table does not separate them unambiguously; verify against the signed schedule before use as a controlled deliverable list.
,Additional AC Components Manuals,Engineering,,,,NOT STARTED,,C,YES,7. Electrical,Transcribed from the Schedule 04C project documentation folder table. The sub-folder and document name are held together in the title because the contract table does not separate them unambiguously; verify against the signed schedule before use as a controlled deliverable list.
,Electrical Studies Earthing Study,Engineering,,,,NOT STARTED,,C,YES,7. Electrical,Transcribed from the Schedule 04C project documentation folder table. The sub-folder and document name are held together in the title because the contract table does not separate them unambiguously; verify against the signed schedule before use as a controlled deliverable list.
,Electrical Studies Protection Study/Settings,Engineering,,,,NOT STARTED,,C,YES,7. Electrical,Transcribed from the Schedule 04C project documentation folder table. The sub-folder and document name are held together in the title because the contract table does not separate them unambiguously; verify against the signed schedule before use as a controlled deliverable list.
,Manuals Manuals,Procurement,,,,NOT STARTED,,C,YES,8. Modules,Transcribed from the Schedule 04C project documentation folder table. The sub-folder and document name are held together in the title because the contract table does not separate them unambiguously; verify against the signed schedule before use as a controlled deliverable list.
,Serial numbers Serial numbers,Procurement,,,,NOT STARTED,,C,YES,8. Modules,Transcribed from the Schedule 04C project documentation folder table. The sub-folder and document name are held together in the title because the contract table does not separate them unambiguously; verify against the signed schedule before use as a controlled deliverable list.
,Module Testing IV Curve results,Procurement,,,,NOT STARTED,,C,YES,8. Modules,Transcribed from the Schedule 04C project documentation folder table. The sub-folder and document name are held together in the title because the contract table does not separate them unambiguously; verify against the signed schedule before use as a controlled deliverable list.
,Inverter General Datasheets,Procurement,,,,NOT STARTED,,C,YES,10. Power Station,Transcribed from the Schedule 04C project documentation folder table. The sub-folder and document name are held together in the title because the contract table does not separate them unambiguously; verify against the signed schedule before use as a controlled deliverable list.
,Inverter General Certificates,Procurement,,,,NOT STARTED,,C,YES,10. Power Station,Transcribed from the Schedule 04C project documentation folder table. The sub-folder and document name are held together in the title because the contract table does not separate them unambiguously; verify against the signed schedule before use as a controlled deliverable list.
,Inverter General Manuals,Procurement,,,,NOT STARTED,,C,YES,10. Power Station,Transcribed from the Schedule 04C project documentation folder table. The sub-folder and document name are held together in the title because the contract table does not separate them unambiguously; verify against the signed schedule before use as a controlled deliverable list.
,Inverter General Serial numbers,Procurement,,,,NOT STARTED,,C,YES,10. Power Station,Transcribed from the Schedule 04C project documentation folder table. The sub-folder and document name are held together in the title because the contract table does not separate them unambiguously; verify against the signed schedule before use as a controlled deliverable list.
,Inverter Warranty Directory Warranty,Procurement,,,,NOT STARTED,,C,YES,10. Power Station,Transcribed from the Schedule 04C project documentation folder table. The sub-folder and document name are held together in the title because the contract table does not separate them unambiguously; verify against the signed schedule before use as a controlled deliverable list.
,Inverter Warranty Directory Delivery Notes,Procurement,,,,NOT STARTED,,C,YES,10. Power Station,Transcribed from the Schedule 04C project documentation folder table. The sub-folder and document name are held together in the title because the contract table does not separate them unambiguously; verify against the signed schedule before use as a controlled deliverable list.
,General IP addresses of all components of the site,Commissioning,,,,NOT STARTED,,C,YES,11. Monitoring and IT,Transcribed from the Schedule 04C project documentation folder table. The sub-folder and document name are held together in the title because the contract table does not separate them unambiguously; verify against the signed schedule before use as a controlled deliverable list.
,General Usernames and passwords,Commissioning,,,,NOT STARTED,,C,YES,11. Monitoring and IT,Transcribed from the Schedule 04C project documentation folder table. The sub-folder and document name are held together in the title because the contract table does not separate them unambiguously; verify against the signed schedule before use as a controlled deliverable list.
,Router General Datasheets,Commissioning,,,,NOT STARTED,,C,YES,11. Monitoring and IT,Transcribed from the Schedule 04C project documentation folder table. The sub-folder and document name are held together in the title because the contract table does not separate them unambiguously; verify against the signed schedule before use as a controlled deliverable list.
,Router General Certificates,Commissioning,,,,NOT STARTED,,C,YES,11. Monitoring and IT,Transcribed from the Schedule 04C project documentation folder table. The sub-folder and document name are held together in the title because the contract table does not separate them unambiguously; verify against the signed schedule before use as a controlled deliverable list.
,Router Warranty Directory Warranty,Commissioning,,,,NOT STARTED,,C,YES,11. Monitoring and IT,Transcribed from the Schedule 04C project documentation folder table. The sub-folder and document name are held together in the title because the contract table does not separate them unambiguously; verify against the signed schedule before use as a controlled deliverable list.
,Router Warranty Directory Delivery Notes,Commissioning,,,,NOT STARTED,,C,YES,11. Monitoring and IT,Transcribed from the Schedule 04C project documentation folder table. The sub-folder and document name are held together in the title because the contract table does not separate them unambiguously; verify against the signed schedule before use as a controlled deliverable list.
,Router General Manuals,Commissioning,,,,NOT STARTED,,C,YES,11. Monitoring and IT,Transcribed from the Schedule 04C project documentation folder table. The sub-folder and document name are held together in the title because the contract table does not separate them unambiguously; verify against the signed schedule before use as a controlled deliverable list.
,Router General Serial Numbers,Commissioning,,,,NOT STARTED,,C,YES,11. Monitoring and IT,Transcribed from the Schedule 04C project documentation folder table. The sub-folder and document name are held together in the title because the contract table does not separate them unambiguously; verify against the signed schedule before use as a controlled deliverable list.
,Datalogger General Datasheets,Commissioning,,,,NOT STARTED,,C,YES,11. Monitoring and IT,Transcribed from the Schedule 04C project documentation folder table. The sub-folder and document name are held together in the title because the contract table does not separate them unambiguously; verify against the signed schedule before use as a controlled deliverable list.
,Datalogger General Certificates,Commissioning,,,,NOT STARTED,,C,YES,11. Monitoring and IT,Transcribed from the Schedule 04C project documentation folder table. The sub-folder and document name are held together in the title because the contract table does not separate them unambiguously; verify against the signed schedule before use as a controlled deliverable list.
,Datalogger Warranty Directory Warranty,Commissioning,,,,NOT STARTED,,C,YES,11. Monitoring and IT,Transcribed from the Schedule 04C project documentation folder table. The sub-folder and document name are held together in the title because the contract table does not separate them unambiguously; verify against the signed schedule before use as a controlled deliverable list.
,Datalogger Warranty Directory Delivery Notes,Commissioning,,,,NOT STARTED,,C,YES,11. Monitoring and IT,Transcribed from the Schedule 04C project documentation folder table. The sub-folder and document name are held together in the title because the contract table does not separate them unambiguously; verify against the signed schedule before use as a controlled deliverable list.
,Datalogger General Manuals,Commissioning,,,,NOT STARTED,,C,YES,11. Monitoring and IT,Transcribed from the Schedule 04C project documentation folder table. The sub-folder and document name are held together in the title because the contract table does not separate them unambiguously; verify against the signed schedule before use as a controlled deliverable list.
,Datalogger General Serial Numbers,Commissioning,,,,NOT STARTED,,C,YES,11. Monitoring and IT,Transcribed from the Schedule 04C project documentation folder table. The sub-folder and document name are held together in the title because the contract table does not separate them unambiguously; verify against the signed schedule before use as a controlled deliverable list.
,Pyranometer General Datasheets,Commissioning,,,,NOT STARTED,,C,YES,11. Monitoring and IT,Transcribed from the Schedule 04C project documentation folder table. The sub-folder and document name are held together in the title because the contract table does not separate them unambiguously; verify against the signed schedule before use as a controlled deliverable list.
,Pyranometer General Certificates,Commissioning,,,,NOT STARTED,,C,YES,11. Monitoring and IT,Transcribed from the Schedule 04C project documentation folder table. The sub-folder and document name are held together in the title because the contract table does not separate them unambiguously; verify against the signed schedule before use as a controlled deliverable list.
,Pyranometer Warranty Directory Warranty,Commissioning,,,,NOT STARTED,,C,YES,11. Monitoring and IT,Transcribed from the Schedule 04C project documentation folder table. The sub-folder and document name are held together in the title because the contract table does not separate them unambiguously; verify against the signed schedule before use as a controlled deliverable list.
,Pyranometer Warranty Directory Delivery Notes,Commissioning,,,,NOT STARTED,,C,YES,11. Monitoring and IT,Transcribed from the Schedule 04C project documentation folder table. The sub-folder and document name are held together in the title because the contract table does not separate them unambiguously; verify against the signed schedule before use as a controlled deliverable list.
,Pyranometer General Manuals,Commissioning,,,,NOT STARTED,,C,YES,11. Monitoring and IT,Transcribed from the Schedule 04C project documentation folder table. The sub-folder and document name are held together in the title because the contract table does not separate them unambiguously; verify against the signed schedule before use as a controlled deliverable list.
,Pyranometer General Serial Numbers,Commissioning,,,,NOT STARTED,,C,YES,11. Monitoring and IT,Transcribed from the Schedule 04C project documentation folder table. The sub-folder and document name are held together in the title because the contract table does not separate them unambiguously; verify against the signed schedule before use as a controlled deliverable list.
,Weather station General Datasheets,Commissioning,,,,NOT STARTED,,C,YES,11. Monitoring and IT,Transcribed from the Schedule 04C project documentation folder table. The sub-folder and document name are held together in the title because the contract table does not separate them unambiguously; verify against the signed schedule before use as a controlled deliverable list.
,Weather station General Certificates,Commissioning,,,,NOT STARTED,,C,YES,11. Monitoring and IT,Transcribed from the Schedule 04C project documentation folder table. The sub-folder and document name are held together in the title because the contract table does not separate them unambiguously; verify against the signed schedule before use as a controlled deliverable list.
,Weather station Warranty Directory Warranty,Commissioning,,,,NOT STARTED,,C,YES,11. Monitoring and IT,Transcribed from the Schedule 04C project documentation folder table. The sub-folder and document name are held together in the title because the contract table does not separate them unambiguously; verify against the signed schedule before use as a controlled deliverable list.
,Weather station Warranty Directory Delivery Notes,Commissioning,,,,NOT STARTED,,C,YES,11. Monitoring and IT,Transcribed from the Schedule 04C project documentation folder table. The sub-folder and document name are held together in the title because the contract table does not separate them unambiguously; verify against the signed schedule before use as a controlled deliverable list.
,Weather station General Manuals,Commissioning,,,,NOT STARTED,,C,YES,11. Monitoring and IT,Transcribed from the Schedule 04C project documentation folder table. The sub-folder and document name are held together in the title because the contract table does not separate them unambiguously; verify against the signed schedule before use as a controlled deliverable list.
,Weather station General Temperature Sensors,Commissioning,,,,NOT STARTED,,C,YES,11. Monitoring and IT,Transcribed from the Schedule 04C project documentation folder table. The sub-folder and document name are held together in the title because the contract table does not separate them unambiguously; verify against the signed schedule before use as a controlled deliverable list.
,Ethernet Switches General Datasheets,Commissioning,,,,NOT STARTED,,C,YES,11. Monitoring and IT,Transcribed from the Schedule 04C project documentation folder table. The sub-folder and document name are held together in the title because the contract table does not separate them unambiguously; verify against the signed schedule before use as a controlled deliverable list.
,Ethernet Switches General Certificates,Commissioning,,,,NOT STARTED,,C,YES,11. Monitoring and IT,Transcribed from the Schedule 04C project documentation folder table. The sub-folder and document name are held together in the title because the contract table does not separate them unambiguously; verify against the signed schedule before use as a controlled deliverable list.
,Scada System General Datasheets,Commissioning,,,,NOT STARTED,,C,YES,11. Monitoring and IT,Transcribed from the Schedule 04C project documentation folder table. The sub-folder and document name are held together in the title because the contract table does not separate them unambiguously; verify against the signed schedule before use as a controlled deliverable list.
,Scada System General Certificates,Commissioning,,,,NOT STARTED,,C,YES,11. Monitoring and IT,Transcribed from the Schedule 04C project documentation folder table. The sub-folder and document name are held together in the title because the contract table does not separate them unambiguously; verify against the signed schedule before use as a controlled deliverable list.
,Scada System Warranty Directory Warranty,Commissioning,,,,NOT STARTED,,C,YES,11. Monitoring and IT,Transcribed from the Schedule 04C project documentation folder table. The sub-folder and document name are held together in the title because the contract table does not separate them unambiguously; verify against the signed schedule before use as a controlled deliverable list.
,Scada System Warranty Directory Warranty assignment,Commissioning,,,,NOT STARTED,,C,YES,11. Monitoring and IT,Transcribed from the Schedule 04C project documentation folder table. The sub-folder and document name are held together in the title because the contract table does not separate them unambiguously; verify against the signed schedule before use as a controlled deliverable list.
,Scada System Warranty Directory Delivery Notes,Commissioning,,,,NOT STARTED,,C,YES,11. Monitoring and IT,Transcribed from the Schedule 04C project documentation folder table. The sub-folder and document name are held together in the title because the contract table does not separate them unambiguously; verify against the signed schedule before use as a controlled deliverable list.
,Scada System Warranty Directory Proof of purchase,Commissioning,,,,NOT STARTED,,C,YES,11. Monitoring and IT,Transcribed from the Schedule 04C project documentation folder table. The sub-folder and document name are held together in the title because the contract table does not separate them unambiguously; verify against the signed schedule before use as a controlled deliverable list.
,Scada System Warranty Directory Warranty Claims,Commissioning,,,,NOT STARTED,,C,YES,11. Monitoring and IT,Transcribed from the Schedule 04C project documentation folder table. The sub-folder and document name are held together in the title because the contract table does not separate them unambiguously; verify against the signed schedule before use as a controlled deliverable list.
,Scada System Warranty Directory Replacements,Commissioning,,,,NOT STARTED,,C,YES,11. Monitoring and IT,Transcribed from the Schedule 04C project documentation folder table. The sub-folder and document name are held together in the title because the contract table does not separate them unambiguously; verify against the signed schedule before use as a controlled deliverable list.
,Scada System Scada Meter Manuals,Commissioning,,,,NOT STARTED,,C,YES,11. Monitoring and IT,Transcribed from the Schedule 04C project documentation folder table. The sub-folder and document name are held together in the title because the contract table does not separate them unambiguously; verify against the signed schedule before use as a controlled deliverable list.
,Scada System General Scada monitoring schematic,Commissioning,,,,NOT STARTED,,C,YES,11. Monitoring and IT,Transcribed from the Schedule 04C project documentation folder table. The sub-folder and document name are held together in the title because the contract table does not separate them unambiguously; verify against the signed schedule before use as a controlled deliverable list.
,Scada System General Software details,Commissioning,,,,NOT STARTED,,C,YES,11. Monitoring and IT,Transcribed from the Schedule 04C project documentation folder table. The sub-folder and document name are held together in the title because the contract table does not separate them unambiguously; verify against the signed schedule before use as a controlled deliverable list.
,Scada System General Default parameters list,Commissioning,,,,NOT STARTED,,C,YES,11. Monitoring and IT,Transcribed from the Schedule 04C project documentation folder table. The sub-folder and document name are held together in the title because the contract table does not separate them unambiguously; verify against the signed schedule before use as a controlled deliverable list.
,CCTV General Datasheets,Commissioning,,,,NOT STARTED,,C,YES,12. Security and site access,Transcribed from the Schedule 04C project documentation folder table. The sub-folder and document name are held together in the title because the contract table does not separate them unambiguously; verify against the signed schedule before use as a controlled deliverable list.
,CCTV General Certificates,Commissioning,,,,NOT STARTED,,C,YES,12. Security and site access,Transcribed from the Schedule 04C project documentation folder table. The sub-folder and document name are held together in the title because the contract table does not separate them unambiguously; verify against the signed schedule before use as a controlled deliverable list.
,CCTV Warranty Directory Warranty,Commissioning,,,,NOT STARTED,,C,YES,12. Security and site access,Transcribed from the Schedule 04C project documentation folder table. The sub-folder and document name are held together in the title because the contract table does not separate them unambiguously; verify against the signed schedule before use as a controlled deliverable list.
,CCTV Warranty Directory Delivery Notes,Commissioning,,,,NOT STARTED,,C,YES,12. Security and site access,Transcribed from the Schedule 04C project documentation folder table. The sub-folder and document name are held together in the title because the contract table does not separate them unambiguously; verify against the signed schedule before use as a controlled deliverable list.
,CCTV General Manuals,Commissioning,,,,NOT STARTED,,C,YES,12. Security and site access,Transcribed from the Schedule 04C project documentation folder table. The sub-folder and document name are held together in the title because the contract table does not separate them unambiguously; verify against the signed schedule before use as a controlled deliverable list.
,Fence and Gates General Datasheets,Commissioning,,,,NOT STARTED,,C,YES,12. Security and site access,Transcribed from the Schedule 04C project documentation folder table. The sub-folder and document name are held together in the title because the contract table does not separate them unambiguously; verify against the signed schedule before use as a controlled deliverable list.
,Fence and Gates General Certificates,Commissioning,,,,NOT STARTED,,C,YES,12. Security and site access,Transcribed from the Schedule 04C project documentation folder table. The sub-folder and document name are held together in the title because the contract table does not separate them unambiguously; verify against the signed schedule before use as a controlled deliverable list.
,Fence and Gates Warranty Directory Warranty,Commissioning,,,,NOT STARTED,,C,YES,12. Security and site access,Transcribed from the Schedule 04C project documentation folder table. The sub-folder and document name are held together in the title because the contract table does not separate them unambiguously; verify against the signed schedule before use as a controlled deliverable list.
,Fence and Gates Warranty Directory Delivery Notes,Commissioning,,,,NOT STARTED,,C,YES,12. Security and site access,Transcribed from the Schedule 04C project documentation folder table. The sub-folder and document name are held together in the title because the contract table does not separate them unambiguously; verify against the signed schedule before use as a controlled deliverable list.
,Substation Fencing General Datasheets,Commissioning,,,,NOT STARTED,,C,YES,12. Security and site access,Transcribed from the Schedule 04C project documentation folder table. The sub-folder and document name are held together in the title because the contract table does not separate them unambiguously; verify against the signed schedule before use as a controlled deliverable list.
,Substation Fencing General Certificates,Commissioning,,,,NOT STARTED,,C,YES,12. Security and site access,Transcribed from the Schedule 04C project documentation folder table. The sub-folder and document name are held together in the title because the contract table does not separate them unambiguously; verify against the signed schedule before use as a controlled deliverable list.
,Substation Fencing General Warranty Directory - Warranty,Commissioning,,,,NOT STARTED,,C,YES,12. Security and site access,Transcribed from the Schedule 04C project documentation folder table. The sub-folder and document name are held together in the title because the contract table does not separate them unambiguously; verify against the signed schedule before use as a controlled deliverable list.
,Substation Fencing Warranty Directory Delivery Notes,Commissioning,,,,NOT STARTED,,C,YES,12. Security and site access,Transcribed from the Schedule 04C project documentation folder table. The sub-folder and document name are held together in the title because the contract table does not separate them unambiguously; verify against the signed schedule before use as a controlled deliverable list.
,Network Security Network Access IP network of the site,Commissioning,,,,NOT STARTED,,C,YES,12. Security and site access,Transcribed from the Schedule 04C project documentation folder table. The sub-folder and document name are held together in the title because the contract table does not separate them unambiguously; verify against the signed schedule before use as a controlled deliverable list.
,Network Security Network Access External IP of the O&M company,Commissioning,,,,NOT STARTED,,C,YES,12. Security and site access,Transcribed from the Schedule 04C project documentation folder table. The sub-folder and document name are held together in the title because the contract table does not separate them unambiguously; verify against the signed schedule before use as a controlled deliverable list.
,Network Security Network Access Router Log in details and URL,Commissioning,,,,NOT STARTED,,C,YES,12. Security and site access,Transcribed from the Schedule 04C project documentation folder table. The sub-folder and document name are held together in the title because the contract table does not separate them unambiguously; verify against the signed schedule before use as a controlled deliverable list.
,Network Security CCTV Software CCTV access details,Commissioning,,,,NOT STARTED,,C,YES,12. Security and site access,Transcribed from the Schedule 04C project documentation folder table. The sub-folder and document name are held together in the title because the contract table does not separate them unambiguously; verify against the signed schedule before use as a controlled deliverable list.
,Network Security CCTV Software External IP of the CCTV company,Commissioning,,,,NOT STARTED,,C,YES,12. Security and site access,Transcribed from the Schedule 04C project documentation folder table. The sub-folder and document name are held together in the title because the contract table does not separate them unambiguously; verify against the signed schedule before use as a controlled deliverable list.
,Network Security CCTV Software CCTV IP and gateway (interface facing the internet),Commissioning,,,,NOT STARTED,,C,YES,12. Security and site access,Transcribed from the Schedule 04C project documentation folder table. The sub-folder and document name are held together in the title because the contract table does not separate them unambiguously; verify against the signed schedule before use as a controlled deliverable list.
,Network Security CCTV Software CCTV IP and gateway (interface facing the cameras network),Commissioning,,,,NOT STARTED,,C,YES,12. Security and site access,Transcribed from the Schedule 04C project documentation folder table. The sub-folder and document name are held together in the title because the contract table does not separate them unambiguously; verify against the signed schedule before use as a controlled deliverable list.
,Network Security IP Networks Datalogger IP network and gateway,Commissioning,,,,NOT STARTED,,C,YES,12. Security and site access,Transcribed from the Schedule 04C project documentation folder table. The sub-folder and document name are held together in the title because the contract table does not separate them unambiguously; verify against the signed schedule before use as a controlled deliverable list.
,Network Security IP Networks Inverters IP network and gateway,Commissioning,,,,NOT STARTED,,C,YES,12. Security and site access,Transcribed from the Schedule 04C project documentation folder table. The sub-folder and document name are held together in the title because the contract table does not separate them unambiguously; verify against the signed schedule before use as a controlled deliverable list.
,Network Security Ports Ports used to access the CCTV externally,Commissioning,,,,NOT STARTED,,C,YES,12. Security and site access,Transcribed from the Schedule 04C project documentation folder table. The sub-folder and document name are held together in the title because the contract table does not separate them unambiguously; verify against the signed schedule before use as a controlled deliverable list.
,Site Security General Specific security procedures,Commissioning,,,,NOT STARTED,,C,YES,12. Security and site access,Transcribed from the Schedule 04C project documentation folder table. The sub-folder and document name are held together in the title because the contract table does not separate them unambiguously; verify against the signed schedule before use as a controlled deliverable list.
,Site Security General Security Company,Commissioning,,,,NOT STARTED,,C,YES,12. Security and site access,Transcribed from the Schedule 04C project documentation folder table. The sub-folder and document name are held together in the title because the contract table does not separate them unambiguously; verify against the signed schedule before use as a controlled deliverable list.
,Site Security General Patrol Route,Commissioning,,,,NOT STARTED,,C,YES,12. Security and site access,Transcribed from the Schedule 04C project documentation folder table. The sub-folder and document name are held together in the title because the contract table does not separate them unambiguously; verify against the signed schedule before use as a controlled deliverable list.
,Construction Construction Phase Plan,HSE,,,,NOT STARTED,,C,YES,13. Health and safety,Transcribed from the Schedule 04C project documentation folder table. The sub-folder and document name are held together in the title because the contract table does not separate them unambiguously; verify against the signed schedule before use as a controlled deliverable list.
,Construction HSE Notifications of works under CDM regulation (F10),HSE,,,,NOT STARTED,,C,YES,13. Health and safety,Transcribed from the Schedule 04C project documentation folder table. The sub-folder and document name are held together in the title because the contract table does not separate them unambiguously; verify against the signed schedule before use as a controlled deliverable list.
,Construction Site Risk Assessment,HSE,,,,NOT STARTED,,C,YES,13. Health and safety,Transcribed from the Schedule 04C project documentation folder table. The sub-folder and document name are held together in the title because the contract table does not separate them unambiguously; verify against the signed schedule before use as a controlled deliverable list.
,Construction Fire Risk Assessment,HSE,,,,NOT STARTED,,C,YES,13. Health and safety,Transcribed from the Schedule 04C project documentation folder table. The sub-folder and document name are held together in the title because the contract table does not separate them unambiguously; verify against the signed schedule before use as a controlled deliverable list.
,Construction HSE Emergency Protocol,HSE,,,,NOT STARTED,,C,YES,13. Health and safety,Transcribed from the Schedule 04C project documentation folder table. The sub-folder and document name are held together in the title because the contract table does not separate them unambiguously; verify against the signed schedule before use as a controlled deliverable list.
,Construction Environmental management plan,HSE,,,,NOT STARTED,,C,YES,13. Health and safety,Transcribed from the Schedule 04C project documentation folder table. The sub-folder and document name are held together in the title because the contract table does not separate them unambiguously; verify against the signed schedule before use as a controlled deliverable list.
,Construction Lift plans,HSE,,,,NOT STARTED,,C,YES,13. Health and safety,Transcribed from the Schedule 04C project documentation folder table. The sub-folder and document name are held together in the title because the contract table does not separate them unambiguously; verify against the signed schedule before use as a controlled deliverable list.
,Construction Permits,HSE,,,,NOT STARTED,,C,YES,13. Health and safety,Transcribed from the Schedule 04C project documentation folder table. The sub-folder and document name are held together in the title because the contract table does not separate them unambiguously; verify against the signed schedule before use as a controlled deliverable list.
,Post- Construction CDM HSE File,HSE,,,,NOT STARTED,,C,YES,13. Health and safety,Transcribed from the Schedule 04C project documentation folder table. The sub-folder and document name are held together in the title because the contract table does not separate them unambiguously; verify against the signed schedule before use as a controlled deliverable list.
,Post- Construction Fire Risk Assessment,HSE,,,,NOT STARTED,,C,YES,13. Health and safety,Transcribed from the Schedule 04C project documentation folder table. The sub-folder and document name are held together in the title because the contract table does not separate them unambiguously; verify against the signed schedule before use as a controlled deliverable list.
,Post- Construction Emergency Procedures,HSE,,,,NOT STARTED,,C,YES,13. Health and safety,Transcribed from the Schedule 04C project documentation folder table. The sub-folder and document name are held together in the title because the contract table does not separate them unambiguously; verify against the signed schedule before use as a controlled deliverable list.
,H&S audit H&S audit,HSE,,,,NOT STARTED,,C,YES,13. Health and safety,Transcribed from the Schedule 04C project documentation folder table. The sub-folder and document name are held together in the title because the contract table does not separate them unambiguously; verify against the signed schedule before use as a controlled deliverable list.
,"Contact details Contact details In case additional documents have been generated during the execution of the Works, the Client and the Contractor shall agree on possible amendments / revisions to the above folder structure.",HSE,,,,NOT STARTED,,C,YES,13. Health and safety,Transcribed from the Schedule 04C project documentation folder table. The sub-folder and document name are held together in the title because the contract table does not separate them unambiguously; verify against the signed schedule before use as a controlled deliverable list.
